"","run","year","fixed.maturity","habitat.struct","num.river.with.fish","total.count","habitat.K","p.filled"
"1",1,1,0,1,1,100,46500,0.0021505376344086
"2",1,2,0,1,5,100,46500,0.0021505376344086
"3",1,3,0,1,0,130,46500,0.00279569892473118
"4",1,4,0,1,5,130,46500,0.00279569892473118
"5",1,5,0,1,3,166,46500,0.00356989247311828
